/*
Navicat MySQL Data Transfer

Source Server         : localhost
Source Server Version : 50140
Source Host           : localhost:3306
Source Database       : flower

Target Server Type    : MYSQL
Target Server Version : 50140
File Encoding         : 65001

Date: 2016-04-23 14:25:14
*/

SET FOREIGN_KEY_CHECKS=0;

-- ----------------------------
-- Table structure for `t_admin`
-- ----------------------------
DROP TABLE IF EXISTS `t_admin`;
CREATE TABLE `t_admin` (
  `adminId` char(32) NOT NULL,
  `adminname` varchar(50) DEFAULT NULL,
  `adminpwd` varchar(50) DEFAULT NULL,
  PRIMARY KEY (`adminId`)
) ENGINE=InnoDB DEFAULT CHARSET=utf8;

-- ----------------------------
-- Records of t_admin
-- ----------------------------
INSERT INTO `t_admin` VALUES ('1', 'admin', 'admin');

-- ----------------------------
-- Table structure for `t_cartitem`
-- ----------------------------
DROP TABLE IF EXISTS `t_cartitem`;
CREATE TABLE `t_cartitem` (
  `cartItemId` char(32) NOT NULL,
  `quantity` int(11) DEFAULT NULL,
  `fid` char(32) DEFAULT NULL,
  `uid` char(32) DEFAULT NULL,
  `orderBy` int(11) NOT NULL AUTO_INCREMENT,
  PRIMARY KEY (`cartItemId`),
  KEY `orderBy` (`orderBy`),
  KEY `FK_t_cartitem_t_user` (`uid`),
  KEY `FK_t_cartitem_t_flower` (`fid`),
  CONSTRAINT `FK_t_cartitem_t_flower` FOREIGN KEY (`fid`) REFERENCES `t_flower` (`fid`),
  CONSTRAINT `FK_t_cartitem_t_user` FOREIGN KEY (`uid`) REFERENCES `t_user` (`uid`)
) ENGINE=InnoDB AUTO_INCREMENT=26 DEFAULT CHARSET=utf8;

-- ----------------------------
-- Records of t_cartitem
-- ----------------------------

-- ----------------------------
-- Table structure for `t_category`
-- ----------------------------
DROP TABLE IF EXISTS `t_category`;
CREATE TABLE `t_category` (
  `cid` char(32) NOT NULL,
  `cname` varchar(50) DEFAULT NULL,
  `pid` char(32) DEFAULT NULL,
  `desc` varchar(100) DEFAULT NULL,
  `orderBy` int(11) NOT NULL AUTO_INCREMENT,
  PRIMARY KEY (`cid`),
  UNIQUE KEY `cname` (`cname`),
  KEY `FK_t_category_t_category` (`pid`),
  KEY `orderBy` (`orderBy`),
  CONSTRAINT `FK_t_category_t_category` FOREIGN KEY (`pid`) REFERENCES `t_category` (`cid`)
) ENGINE=InnoDB AUTO_INCREMENT=71 DEFAULT CHARSET=utf8;

-- ----------------------------
-- Records of t_category
-- ----------------------------
INSERT INTO `t_category` VALUES ('0C85A37503604AC6A13B689D0748F200', '客户', '90BC7289DA2246099031B49B4A41B012', '适合见客户', '68');
INSERT INTO `t_category` VALUES ('2666341CE6074241846DB36D1366F87E', '生日', 'BFF65E0F4B464A9F87773E2E82554058', '适合生日场合', '65');
INSERT INTO `t_category` VALUES ('2C5854A394EA4940A3C80E12EF2A7DC8', '情人节', '42F33FD41B3F4E52A99C6AEF03058279', '情人节', '55');
INSERT INTO `t_category` VALUES ('3E27CB53DB734BFCA46B58B0BBF44F7E', '玫瑰', 'AD510FDD36FE4D80B6BCB7D1F9E9CD88', '玫瑰种类', '61');
INSERT INTO `t_category` VALUES ('42F33FD41B3F4E52A99C6AEF03058279', '适用节日', null, '根据适用节日选择鲜花', '48');
INSERT INTO `t_category` VALUES ('46002AA2E2CE499FAA76221EF23806BB', '领导', '90BC7289DA2246099031B49B4A41B012', '适合拜访领导', '70');
INSERT INTO `t_category` VALUES ('72185699A040412396046158447741F9', '母亲节', '42F33FD41B3F4E52A99C6AEF03058279', '母亲节用花', '57');
INSERT INTO `t_category` VALUES ('74708599B771448BB13893C735E3439D', '康乃馨', 'AD510FDD36FE4D80B6BCB7D1F9E9CD88', '康乃馨鲜花', '63');
INSERT INTO `t_category` VALUES ('78A9F772D56B454E9F752FCA24CB17E4', '求婚', 'BFF65E0F4B464A9F87773E2E82554058', '适合求婚场合', '64');
INSERT INTO `t_category` VALUES ('873E989810964CE7A1EE8A94C85BB57F', '教师节', '42F33FD41B3F4E52A99C6AEF03058279', '教师节用花', '56');
INSERT INTO `t_category` VALUES ('90BC7289DA2246099031B49B4A41B012', '适用对象', null, '根据适用对象选择鲜花', '52');
INSERT INTO `t_category` VALUES ('AD510FDD36FE4D80B6BCB7D1F9E9CD88', '鲜花主花材', null, '根据鲜花主花材选择鲜花', '49');
INSERT INTO `t_category` VALUES ('BFF65E0F4B464A9F87773E2E82554058', '适用场景', null, '根据适用场景选择鲜花', '50');
INSERT INTO `t_category` VALUES ('DE7730CD2A0649018B60DF10CFA84A35', '百合', 'AD510FDD36FE4D80B6BCB7D1F9E9CD88', '百合鲜花种类', '62');
INSERT INTO `t_category` VALUES ('E1B48C0574134F1D8D329F4FC4A1D48A', '祝福', 'BFF65E0F4B464A9F87773E2E82554058', '适合送上祝福', '66');
INSERT INTO `t_category` VALUES ('E75BDD55A3BE44769D79349C9EED1D8C', '爱人', '90BC7289DA2246099031B49B4A41B012', '适合送给爱人', '67');
INSERT INTO `t_category` VALUES ('E803F7E41D1B4C4EB7A48B7F71830442', '病人', '90BC7289DA2246099031B49B4A41B012', '适合去看望病人', '69');

-- ----------------------------
-- Table structure for `t_flower`
-- ----------------------------
DROP TABLE IF EXISTS `t_flower`;
CREATE TABLE `t_flower` (
  `fid` char(32) NOT NULL,
  `fname` varchar(200) DEFAULT NULL,
  `price` decimal(8,0) DEFAULT NULL,
  `currPrice` decimal(8,0) DEFAULT NULL,
  `discount` decimal(3,0) DEFAULT NULL,
  `cid` char(32) DEFAULT NULL,
  `image_w` varchar(100) DEFAULT NULL,
  `image_b` varchar(100) DEFAULT NULL,
  `orderBy` int(11) NOT NULL AUTO_INCREMENT,
  PRIMARY KEY (`fid`),
  KEY `orderBy` (`orderBy`) USING BTREE,
  KEY `FK_t_book_t_category` (`cid`) USING BTREE,
  CONSTRAINT `FK_t_book_t_category` FOREIGN KEY (`cid`) REFERENCES `t_category` (`cid`)
) ENGINE=InnoDB AUTO_INCREMENT=39 DEFAULT CHARSET=utf8;

-- ----------------------------
-- Records of t_flower
-- ----------------------------
INSERT INTO `t_flower` VALUES ('013406C759EF4D16A36DB7A68D5A5D1C', '一生呵护', '179', '159', '9', '3E27CB53DB734BFCA46B58B0BBF44F7E', 'flower_img/699F30F0B551433DB1FAAB84A95F6045_b07.jpg', 'flower_img/783EEE9722AD4AE0859AA9DE4DE7DCB6_007.jpg', '23');
INSERT INTO `t_flower` VALUES ('04B327FACFAF4E7F8008506227DA03B2', '守护你到永远', '179', '159', '9', '3E27CB53DB734BFCA46B58B0BBF44F7E', 'flower_img/108D72C939F54758BFD4756942D93577_b01.jpg', 'flower_img/95B731BD10ED42DBB7BF4A35443D8E3B_001.jpg', '17');
INSERT INTO `t_flower` VALUES ('1B439AB511B349EF9BE1E33581E0A096', '夏日花园', '179', '159', '9', '873E989810964CE7A1EE8A94C85BB57F', 'flower_img/723FF0FCCDA94A7DAF1AE54AE2475DEE_b03.jpg', 'flower_img/98D8C622E2804DA8A1B8E06FF5973A05_03.jpg', '32');
INSERT INTO `t_flower` VALUES ('1DBC1C1D7A014935ADAAF0B8BEC1E658', '真爱永恒', '179', '159', '9', '3E27CB53DB734BFCA46B58B0BBF44F7E', 'flower_img/DA11355C2911494BBE33B930201A756A_b11.jpg', 'flower_img/47505DB925A74732B46B566D92BBBB6D_011.jpg', '27');
INSERT INTO `t_flower` VALUES ('34A18A1F273D452198F1E59F9F6294F6', '海之恋', '229', '219', '9', '3E27CB53DB734BFCA46B58B0BBF44F7E', 'flower_img/ACB275652F4A409E8EF2089E8647232A_b05.jpg', 'flower_img/DEA6130248854A979D58E2DDD9FA47C6_005.jpg', '21');
INSERT INTO `t_flower` VALUES ('37B788C8513E4DD594C2E705E70007FA', '真诚祝愿', '179', '159', '9', '873E989810964CE7A1EE8A94C85BB57F', 'flower_img/99CBC4B99BDB44EE9E909EAAD3B7414C_b02.jpg', 'flower_img/FFBFB33B817A4A059E98CB3DB6626B7E_02.jpg', '31');
INSERT INTO `t_flower` VALUES ('44B7DDD14CFE4E4CB2108FF69A4200F7', '一生有你', '179', '159', '9', '3E27CB53DB734BFCA46B58B0BBF44F7E', 'flower_img/F69398AD56164EBEBC803DDED4A63457_b12.jpg', 'flower_img/A353B5FB42F74BF789C2D6CC78E987A7_012.jpg', '28');
INSERT INTO `t_flower` VALUES ('5A797FDBECBB44408620EBCD3621175D', '幸福典藏', '259', '239', '9', '3E27CB53DB734BFCA46B58B0BBF44F7E', 'flower_img/5E8B3A3C176F439BADDA97D2B5642B3D_b06.jpg', 'flower_img/52B283319A1A4FE28C251419AF38A616_006.jpg', '22');
INSERT INTO `t_flower` VALUES ('5D8C8E7559D24603B360628B14CF148E', '芳华', '179', '159', '9', '873E989810964CE7A1EE8A94C85BB57F', 'flower_img/D03102860F3243C48CCE71B718520992_b05.jpg', 'flower_img/9370AB6A260C478BBEC7090053816F8C_05.jpg', '34');
INSERT INTO `t_flower` VALUES ('66704F0FC62349DDA14774629FC3970A', '爱你到永久', '199', '179', '9', '3E27CB53DB734BFCA46B58B0BBF44F7E', 'flower_img/342E7197C63044ABA6771BA43C426DD3_b04.jpg', 'flower_img/9C8D01D29B4A4D3980C3459AD610DB7E_004.jpg', '20');
INSERT INTO `t_flower` VALUES ('6F3C2F2257F548F3AA426919A2B05276', '真爱如初', '139', '109', '9', '3E27CB53DB734BFCA46B58B0BBF44F7E', 'flower_img/1092E7B3402D4DB984D50922D9C3AB35_b08.jpg', 'flower_img/8F8C2910368D4D7CAB11D8E2BE6A015E_008.jpg', '24');
INSERT INTO `t_flower` VALUES ('73DE3102A5DD448C993EDCF92F6F2423', '粉红记忆', '239', '229', '9', '74708599B771448BB13893C735E3439D', 'flower_img/DD8C9C7A87454B4EAB4CB85F22721C80_bknx001.jpg', 'flower_img/500AED3129F743A58DCC4651FCCFF7A9_fnx001.jpg', '38');
INSERT INTO `t_flower` VALUES ('8527E38DE8CE41DC889DF6C734D3BF27', '一网情深', '189', '169', '9', '3E27CB53DB734BFCA46B58B0BBF44F7E', 'flower_img/FA83386946384CFCB153E04DE582B938_b02.jpg', 'flower_img/4B23C7BC2295495EA198FAF580D2F302_002.jpg', '18');
INSERT INTO `t_flower` VALUES ('91FC329D0F954EB29FC2C484C09C8246', '爱情海', '179', '159', '9', '3E27CB53DB734BFCA46B58B0BBF44F7E', 'flower_img/1DAE1402E74D400EAA2899AD94B67D36_b10.jpg', 'flower_img/D4FC4C48ACB846AC908D5EAE37D2AA8A_010.jpg', '26');
INSERT INTO `t_flower` VALUES ('924C544971044E71BFC97CFA789F1592', '浪漫相随', '159', '119', '7', '3E27CB53DB734BFCA46B58B0BBF44F7E', 'flower_img/4D02F2F535E14CE38EFBF739BE8803AA_b03.jpg', 'flower_img/034BC0517B16421AB250F8CE554B1C24_003.jpg', '19');
INSERT INTO `t_flower` VALUES ('B0E43770F5884AC8A9532E914CF6106E', '真情永远', '179', '159', '9', '3E27CB53DB734BFCA46B58B0BBF44F7E', 'flower_img/7EAB3C9531F1460FBAA3FF579060C0DB_b13.jpg', 'flower_img/2F21C6AD27134116A086C92308145FE7_013.jpg', '29');
INSERT INTO `t_flower` VALUES ('CB5931EF6D5645BABD0EFB537C053633', '紫为你动馨', '179', '159', '9', '873E989810964CE7A1EE8A94C85BB57F', 'flower_img/239F790DB0E445018C4E9D276D589139_b06.jpg', 'flower_img/3EA15512C97B467CAB77767C53FBEED9_06.jpg', '35');
INSERT INTO `t_flower` VALUES ('D0F7A3CB565A4FA4AAA6E1EE052A054E', '用心爱你', '179', '159', '9', '3E27CB53DB734BFCA46B58B0BBF44F7E', 'flower_img/E600DE25B93D485B85195B607A0F385C_b09.jpg', 'flower_img/4BA02CA1F3E7468DB6C8659119108E29_009.jpg', '25');
INSERT INTO `t_flower` VALUES ('D13073EB16F9446BA823668DC3541A7F', '午后阳光', '179', '159', '9', '873E989810964CE7A1EE8A94C85BB57F', 'flower_img/BC28BC7B09064348920E552DCA7AD6E8_b07.jpg', 'flower_img/2DE44F43E2E94E7DA83A56E700F250CE_07.jpg', '36');
INSERT INTO `t_flower` VALUES ('D6B915BBF75D4C329BC93578A6E42343', '感恩密码', '179', '159', '9', '873E989810964CE7A1EE8A94C85BB57F', 'flower_img/2165D5EDCF2240258DBD5F07D5DE7745_b04.jpg', 'flower_img/778FE0D9200646F48CDDD3E7D6DF302C_04.jpg', '33');
INSERT INTO `t_flower` VALUES ('EE8D7384C3084511B7D3FCA3B3F8FCE6', '阳光心情', '179', '159', '9', '873E989810964CE7A1EE8A94C85BB57F', 'flower_img/2D89F127DC53425CBA41E7666398816D_b08.jpg', 'flower_img/6D501C7384844AFEA7880CD84F39C7DC_08.jpg', '37');
INSERT INTO `t_flower` VALUES ('FBDCB1FAA2194DFBBA913AA58284BC7D', '想念的日子', '179', '159', '9', '873E989810964CE7A1EE8A94C85BB57F', 'flower_img/F909A25BEFC340FEA0731C83632F4C8B_image_01.jpg', 'flower_img/FBF10B1F70C5455C8322146681487157_01.jpg', '30');

-- ----------------------------
-- Table structure for `t_order`
-- ----------------------------
DROP TABLE IF EXISTS `t_order`;
CREATE TABLE `t_order` (
  `oid` char(32) NOT NULL,
  `ordertime` char(19) DEFAULT NULL,
  `total` decimal(10,0) DEFAULT NULL,
  `status` int(11) DEFAULT NULL,
  `address` varchar(1000) DEFAULT NULL,
  `uid` char(32) DEFAULT NULL,
  PRIMARY KEY (`oid`),
  KEY `FK_t_order_t_user` (`uid`) USING BTREE,
  CONSTRAINT `FK_t_order_t_user` FOREIGN KEY (`uid`) REFERENCES `t_user` (`uid`)
) ENGINE=InnoDB DEFAULT CHARSET=utf8;

-- ----------------------------
-- Records of t_order
-- ----------------------------
INSERT INTO `t_order` VALUES ('33477911AFFB4A68999A710A73A48C54', '2016-04-22 19:46:57', '159', '4', '燕山大学西校区', '65F7D4A4194544D5831F8B3BD1A476A1');
INSERT INTO `t_order` VALUES ('6A887CD5D3A547B588AC71DB3611DF99', '2016-04-22 23:43:18', '159', '1', '燕山大学西校区', '65F7D4A4194544D5831F8B3BD1A476A1');
INSERT INTO `t_order` VALUES ('75FB72CC537B49C7BF09DFB3EEA12F92', '2016-04-22 22:56:55', '159', '5', '燕山大学西校区', '65F7D4A4194544D5831F8B3BD1A476A1');
INSERT INTO `t_order` VALUES ('7DC0992214C74A23B38BC5D4E922BB9D', '2016-04-22 19:43:48', '159', '5', '燕山大学西校区', '65F7D4A4194544D5831F8B3BD1A476A1');
INSERT INTO `t_order` VALUES ('B019D594DE07490C93F32F123914FA49', '2016-04-22 20:48:18', '159', '5', '燕山大学西校区', '65F7D4A4194544D5831F8B3BD1A476A1');

-- ----------------------------
-- Table structure for `t_orderitem`
-- ----------------------------
DROP TABLE IF EXISTS `t_orderitem`;
CREATE TABLE `t_orderitem` (
  `orderItemId` char(32) NOT NULL,
  `quantity` int(11) DEFAULT NULL,
  `subtotal` decimal(8,0) DEFAULT NULL,
  `fid` char(32) DEFAULT NULL,
  `fname` varchar(200) DEFAULT NULL,
  `currPrice` decimal(8,0) DEFAULT NULL,
  `image_b` varchar(100) DEFAULT NULL,
  `oid` char(32) DEFAULT NULL,
  PRIMARY KEY (`orderItemId`),
  KEY `FK_t_orderitem_t_order` (`oid`) USING BTREE,
  CONSTRAINT `FK_t_orderitem_t_order` FOREIGN KEY (`oid`) REFERENCES `t_order` (`oid`)
) ENGINE=InnoDB DEFAULT CHARSET=utf8;

-- ----------------------------
-- Records of t_orderitem
-- ----------------------------
INSERT INTO `t_orderitem` VALUES ('203EB762A3394EE9A3FF30A021D9AF3A', '1', '159', 'B0E43770F5884AC8A9532E914CF6106E', '真情永远', '159', 'flower_img/2F21C6AD27134116A086C92308145FE7_013.jpg', '75FB72CC537B49C7BF09DFB3EEA12F92');
INSERT INTO `t_orderitem` VALUES ('43E50685645F45C2AFC22794193C22F8', '1', '159', '04B327FACFAF4E7F8008506227DA03B2', '守护你到永远', '159', 'flower_img/95B731BD10ED42DBB7BF4A35443D8E3B_001.jpg', '6A887CD5D3A547B588AC71DB3611DF99');
INSERT INTO `t_orderitem` VALUES ('6EDF660B44DD464BACED03D108258842', '1', '159', '04B327FACFAF4E7F8008506227DA03B2', '守护你到永远', '159', 'flower_img/95B731BD10ED42DBB7BF4A35443D8E3B_001.jpg', '7DC0992214C74A23B38BC5D4E922BB9D');
INSERT INTO `t_orderitem` VALUES ('8FAF122A16034256BF7D33C2FF1F1DDC', '1', '159', '04B327FACFAF4E7F8008506227DA03B2', '守护你到永远', '159', 'flower_img/95B731BD10ED42DBB7BF4A35443D8E3B_001.jpg', 'B019D594DE07490C93F32F123914FA49');
INSERT INTO `t_orderitem` VALUES ('961EB956853442909C1450C22512376A', '1', '159', '013406C759EF4D16A36DB7A68D5A5D1C', '一生呵护', '159', 'flower_img/783EEE9722AD4AE0859AA9DE4DE7DCB6_007.jpg', '33477911AFFB4A68999A710A73A48C54');

-- ----------------------------
-- Table structure for `t_user`
-- ----------------------------
DROP TABLE IF EXISTS `t_user`;
CREATE TABLE `t_user` (
  `uid` char(32) NOT NULL,
  `loginname` varchar(50) DEFAULT NULL,
  `loginpass` varchar(50) DEFAULT NULL,
  `email` varchar(50) DEFAULT NULL,
  PRIMARY KEY (`uid`),
  UNIQUE KEY `loginname` (`loginname`) USING BTREE
) ENGINE=InnoDB DEFAULT CHARSET=utf8;

-- ----------------------------
-- Records of t_user
-- ----------------------------
INSERT INTO `t_user` VALUES ('5551B6D6563F4174AB51302F8D9E1C71', '123456', '123456', '123456@163.com');
INSERT INTO `t_user` VALUES ('5BAF6DF16E0C45639E30D82589A2E6BF', 'abc', '123', '57447@qq.com');
INSERT INTO `t_user` VALUES ('5F999A37D1BF44128C31BB63A725DEA7', 'aaaa', 'aaaa', 'aa@qq.com');
INSERT INTO `t_user` VALUES ('65F7D4A4194544D5831F8B3BD1A476A1', '亮亮娃', '123', '6157447@qq.com');
INSERT INTO `t_user` VALUES ('90DF2817D4CB4BC09F51124F0D580BFB', 'zhou', '123', '1234@qq.com');
INSERT INTO `t_user` VALUES ('E9E8063E8C9243D6BBF7EBF0905A4150', 'bbbb', '123', '133@qq.com');
